status,error,species,cut,dataset_category,freshness_label,lighting,condition,exposure_time,filename,path,hsv_method,H,S,V,z_H,z_S,z_V,deviation_score,computed_classification
ok,,beef,beef_shank,experimental,,just_flash,air_exposure,1hr,BS1_AIR1.jpg,beef/beef_shank/experimental/air_exposure/just_flash/1hr/BS1_AIR1.jpg,center_crop,28.0298,82.3355,143.7662,3.0117,-1.9917,-0.8476,3.6601,SUSPICIOUS
ok,,beef,beef_shank,experimental,,just_flash,air_exposure,1hr,BS2_AIR1.jpg,beef/beef_shank/experimental/air_exposure/just_flash/1hr/BS2_AIR1.jpg,center_crop,19.3357,58.0738,170.8358,1.465,-3.3812,1.8594,3.9124,SUSPICIOUS
ok,,beef,beef_shank,experimental,,just_flash,air_exposure,3hr,BS1_AIR3.jpg,beef/beef_shank/experimental/air_exposure/just_flash/3hr/BS1_AIR3.jpg,center_crop,38.0966,84.2474,149.1708,4.8027,-1.8822,-0.3071,5.1629,STALE
ok,,beef,beef_shank,experimental,,just_flash,air_exposure,3hr,BS2_AIR3.jpg,beef/beef_shank/experimental/air_exposure/just_flash/3hr/BS2_AIR3.jpg,center_crop,42.9483,61.55,154.2398,5.6658,-3.1821,0.1998,6.4998,STALE
ok,,beef,beef_shank,experimental,,just_flash,air_exposure,6hr,BS1_AIR6.jpg,beef/beef_shank/experimental/air_exposure/just_flash/6hr/BS1_AIR6.jpg,center_crop,54.0981,80.8588,148.257,7.6494,-2.0763,-0.3985,7.9312,STALE
ok,,beef,beef_shank,experimental,,just_flash,air_exposure,6hr,BS2_AIR6.jpg,beef/beef_shank/experimental/air_exposure/just_flash/6hr/BS2_AIR6.jpg,center_crop,48.404,49.4218,155.5121,6.6364,-3.8767,0.327,7.6892,STALE
ok,,beef,beef_shank,experimental,,just_flash,pork_blood,1hr,BS1_BLOOD.jpg,beef/beef_shank/experimental/pork_blood/just_flash/1hr/BS1_BLOOD.jpg,center_crop,28.4201,97.1801,167.2437,3.0811,-1.1415,1.5002,3.4528,SUSPICIOUS
ok,,beef,beef_shank,experimental,,just_flash,pork_blood,1hr,BS2_BLOOD.jpg,beef/beef_shank/experimental/pork_blood/just_flash/1hr/BS2_BLOOD.jpg,center_crop,8.3371,156.1086,172.301,-0.4918,2.2333,2.0059,2.691,SUSPICIOUS
ok,,beef,beef_shank,experimental,,just_flash,sun_exposure,1hr,BS1_SUN1.jpg,beef/beef_shank/experimental/sun_exposure/just_flash/1hr/BS1_SUN1.jpg,center_crop,12.4577,88.7006,160.5441,0.2413,-1.6272,0.8302,1.7466,FRESH
ok,,beef,beef_shank,experimental,,just_flash,sun_exposure,1hr,BS2_SUN1.jpg,beef/beef_shank/experimental/sun_exposure/just_flash/1hr/BS2_SUN1.jpg,center_crop,16.3365,61.5063,170.5272,0.9314,-3.1846,1.8285,3.561,SUSPICIOUS
ok,,beef,beef_shank,experimental,,just_flash,sun_exposure,3hr,BS1_SUN3.jpg,beef/beef_shank/experimental/sun_exposure/just_flash/3hr/BS1_SUN3.jpg,center_crop,25.2509,96.0016,163.8472,2.5173,-1.209,1.1605,2.9107,SUSPICIOUS
ok,,beef,beef_shank,experimental,,just_flash,sun_exposure,3hr,BS2_SUN3.jpg,beef/beef_shank/experimental/sun_exposure/just_flash/3hr/BS2_SUN3.jpg,center_crop,34.3838,96.0738,138.1455,4.1421,-1.2049,-1.4097,4.4275,STALE
ok,,beef,beef_shank,experimental,,just_flash,sun_exposure,4hr,BS1_SUN4.jpg,beef/beef_shank/experimental/sun_exposure/just_flash/4hr/BS1_SUN4.jpg,center_crop,65.7345,80.0048,157.1335,9.7197,-2.1252,0.4891,9.9553,STALE
ok,,beef,beef_shank,experimental,,just_flash,sun_exposure,4hr,BS2_SUN4.jpg,beef/beef_shank/experimental/sun_exposure/just_flash/4hr/BS2_SUN4.jpg,center_crop,44.7479,65.8555,149.2454,5.986,-2.9355,-0.2997,6.6704,STALE
ok,,beef,beef_shank,fresh,fresh,cool_lighting,none,none,BS10_COOL.jpg,beef/beef_shank/fresh/cool_lighting/BS10_COOL.jpg,center_crop,22.5012,77.0395,177.9621,2.0281,-2.295,2.572,3.562,SUSPICIOUS
ok,,beef,beef_shank,fresh,fresh,cool_lighting,none,none,BS1_COOL.jpg,beef/beef_shank/fresh/cool_lighting/BS1_COOL.jpg,center_crop,19.4643,85.5278,184.9556,1.4878,-1.8089,3.2714,3.2919,SUSPICIOUS
ok,,beef,beef_shank,fresh,fresh,cool_lighting,none,none,BS2_COOL.jpg,beef/beef_shank/fresh/cool_lighting/BS2_COOL.jpg,center_crop,18.7263,86.5308,176.4083,1.3566,-1.7514,2.4166,2.7978,SUSPICIOUS
ok,,beef,beef_shank,fresh,fresh,cool_lighting,none,none,BS3_COOL.jpg,beef/beef_shank/fresh/cool_lighting/BS3_COOL.jpg,center_crop,15.4577,81.8451,190.1485,0.775,-2.0198,3.7906,3.4445,SUSPICIOUS
ok,,beef,beef_shank,fresh,fresh,cool_lighting,none,none,BS4_COOL.jpg,beef/beef_shank/fresh/cool_lighting/BS4_COOL.jpg,center_crop,15.5898,79.708,178.2906,0.7985,-2.1422,2.6048,2.9359,SUSPICIOUS
ok,,beef,beef_shank,fresh,fresh,cool_lighting,none,none,BS5_COOL.jpg,beef/beef_shank/fresh/cool_lighting/BS5_COOL.jpg,center_crop,17.3273,84.7459,169.9698,1.1077,-1.8537,1.7728,2.4969,FRESH
ok,,beef,beef_shank,fresh,fresh,cool_lighting,none,none,BS6_COOL.jpg,beef/beef_shank/fresh/cool_lighting/BS6_COOL.jpg,center_crop,14.2865,95.8359,182.6964,0.5667,-1.2185,3.0454,2.5384,SUSPICIOUS
ok,,beef,beef_shank,fresh,fresh,cool_lighting,none,none,BS7_COOL.jpg,beef/beef_shank/fresh/cool_lighting/BS7_COOL.jpg,center_crop,24.9884,54.8434,205.9309,2.4706,-3.5662,5.3689,5.7649,STALE
ok,,beef,beef_shank,fresh,fresh,cool_lighting,none,none,BS8_COOL.jpg,beef/beef_shank/fresh/cool_lighting/BS8_COOL.jpg,center_crop,27.2415,70.7456,169.5703,2.8715,-2.6555,1.7328,4.0985,STALE
ok,,beef,beef_shank,fresh,fresh,cool_lighting,none,none,BS9_COOL.jpg,beef/beef_shank/fresh/cool_lighting/BS9_COOL.jpg,center_crop,26.5944,63.5283,189.9799,2.7563,-3.0688,3.7738,4.9128,STALE
ok,,beef,beef_shank,fresh,fresh,just_flash,none,none,BS1_PHONE.png,beef/beef_shank/fresh/just_flash/BS1_PHONE.png,center_crop,9.2325,118.6973,156.8628,-0.3325,0.0908,0.4621,0.4749,FRESH
ok,,beef,beef_shank,fresh,fresh,just_flash,none,none,BS2_PHONE.png,beef/beef_shank/fresh/just_flash/BS2_PHONE.png,center_crop,23.4754,92.614,163.2926,2.2014,-1.4031,1.1051,2.725,SUSPICIOUS
ok,,beef,beef_shank,fresh,fresh,just_flash,none,none,BS3_PHONE.png,beef/beef_shank/fresh/just_flash/BS3_PHONE.png,center_crop,10.5133,112.0504,150.056,-0.1046,-0.2899,-0.2186,0.3448,FRESH
ok,,beef,beef_shank,fresh,fresh,just_flash,none,none,BS4_PHONE.png,beef/beef_shank/fresh/just_flash/BS4_PHONE.png,center_crop,10.8739,103.5701,138.8094,-0.0405,-0.7756,-1.3433,1.2269,FRESH
ok,,beef,beef_shank,fresh,fresh,just_flash,none,none,BS5_PHONE.png,beef/beef_shank/fresh/just_flash/BS5_PHONE.png,center_crop,8.7451,113.9111,163.2979,-0.4192,-0.1834,1.1056,0.9058,FRESH
ok,,beef,beef_shank,fresh,fresh,just_flash,none,none,BS6_PHONE.png,beef/beef_shank/fresh/just_flash/BS6_PHONE.png,center_crop,7.1917,137.5511,145.5457,-0.6955,1.1705,-0.6696,1.4416,FRESH
ok,,beef,beef_shank,fresh,fresh,just_flash,none,none,BS7_PHONE.png,beef/beef_shank/fresh/just_flash/BS7_PHONE.png,center_crop,7.6776,141.3947,147.8301,-0.6091,1.3906,-0.4412,1.5499,FRESH
ok,,beef,beef_shank,fresh,fresh,red_lighting,none,none,BS10_RED.jpg,beef/beef_shank/fresh/red_lighting/BS10_RED.jpg,center_crop,10.9173,106.6073,184.2402,-0.0327,-0.6016,3.1998,2.3415,FRESH
ok,,beef,beef_shank,fresh,fresh,red_lighting,none,none,BS1_RED.jpg,beef/beef_shank/fresh/red_lighting/BS1_RED.jpg,center_crop,11.5794,97.756,194.7553,0.0851,-1.1086,4.2513,3.2052,SUSPICIOUS
ok,,beef,beef_shank,fresh,fresh,red_lighting,none,none,BS2_RED.jpg,beef/beef_shank/fresh/red_lighting/BS2_RED.jpg,center_crop,10.2185,117.6352,196.1507,-0.1571,0.0299,4.3909,3.1089,SUSPICIOUS
ok,,beef,beef_shank,fresh,fresh,red_lighting,none,none,BS3_RED.jpg,beef/beef_shank/fresh/red_lighting/BS3_RED.jpg,center_crop,10.8273,96.3869,207.4287,-0.0487,-1.187,5.5187,4.0791,STALE
ok,,beef,beef_shank,fresh,fresh,red_lighting,none,none,BS4_RED.jpg,beef/beef_shank/fresh/red_lighting/BS4_RED.jpg,center_crop,9.9703,109.0674,197.1082,-0.2012,-0.4608,4.4866,3.2121,SUSPICIOUS
ok,,beef,beef_shank,fresh,fresh,red_lighting,none,none,BS5_RED.jpg,beef/beef_shank/fresh/red_lighting/BS5_RED.jpg,center_crop,9.4981,114.2805,194.8617,-0.2852,-0.1622,4.262,3.0315,SUSPICIOUS
ok,,beef,beef_shank,fresh,fresh,red_lighting,none,none,BS6_RED.jpg,beef/beef_shank/fresh/red_lighting/BS6_RED.jpg,center_crop,10.5826,111.8886,200.6212,-0.0923,-0.2992,4.8379,3.4352,SUSPICIOUS
ok,,beef,beef_shank,fresh,fresh,red_lighting,none,none,BS7_RED.jpg,beef/beef_shank/fresh/red_lighting/BS7_RED.jpg,center_crop,16.6001,68.9662,203.2274,0.9783,-2.7574,5.0985,4.643,STALE
ok,,beef,beef_shank,fresh,fresh,red_lighting,none,none,BS8_RED.jpg,beef/beef_shank/fresh/red_lighting/BS8_RED.jpg,center_crop,9.6666,110.2708,192.0042,-0.2552,-0.3918,3.9762,2.8502,SUSPICIOUS
ok,,beef,beef_shank,fresh,fresh,red_lighting,none,none,BS9_RED.jpg,beef/beef_shank/fresh/red_lighting/BS9_RED.jpg,center_crop,13.466,97.3204,202.975,0.4207,-1.1335,5.0733,3.7856,SUSPICIOUS
ok,,beef,beef_shank,fresh,fresh,warm_lighting,none,none,BS10_WARM.jpg,beef/beef_shank/fresh/warm_lighting/BS10_WARM.jpg,center_crop,13.2395,99.1351,184.7583,0.3804,-1.0296,3.2516,2.5478,SUSPICIOUS
ok,,beef,beef_shank,fresh,fresh,warm_lighting,none,none,BS1_WARM.jpg,beef/beef_shank/fresh/warm_lighting/BS1_WARM.jpg,center_crop,19.8287,95.4869,184.5785,1.5527,-1.2385,3.2336,3.0287,SUSPICIOUS
ok,,beef,beef_shank,fresh,fresh,warm_lighting,none,none,BS2_WARM.jpg,beef/beef_shank/fresh/warm_lighting/BS2_WARM.jpg,center_crop,15.8131,110.2629,183.6309,0.8383,-0.3923,3.1389,2.4048,FRESH
ok,,beef,beef_shank,fresh,fresh,warm_lighting,none,none,BS3_WARM.jpg,beef/beef_shank/fresh/warm_lighting/BS3_WARM.jpg,center_crop,14.9193,112.2307,197.0764,0.6793,-0.2796,4.4834,3.2542,SUSPICIOUS
ok,,beef,beef_shank,fresh,fresh,warm_lighting,none,none,BS4_WARM.jpg,beef/beef_shank/fresh/warm_lighting/BS4_WARM.jpg,center_crop,13.7629,107.0397,179.3307,0.4735,-0.5769,2.7089,2.0557,FRESH
ok,,beef,beef_shank,fresh,fresh,warm_lighting,none,none,BS5_WARM.jpg,beef/beef_shank/fresh/warm_lighting/BS5_WARM.jpg,center_crop,14.0389,105.8507,184.1115,0.5226,-0.645,3.1869,2.4015,FRESH
ok,,beef,beef_shank,fresh,fresh,warm_lighting,none,none,BS6_WARM.jpg,beef/beef_shank/fresh/warm_lighting/BS6_WARM.jpg,center_crop,12.9488,133.2562,183.497,0.3287,0.9245,3.1255,2.4181,FRESH
ok,,beef,beef_shank,fresh,fresh,warm_lighting,none,none,BS7_WARM.jpg,beef/beef_shank/fresh/warm_lighting/BS7_WARM.jpg,center_crop,19.4423,80.1349,208.148,1.4839,-2.1177,5.5906,4.7238,STALE
ok,,beef,beef_shank,fresh,fresh,warm_lighting,none,none,BS8_WARM.jpg,beef/beef_shank/fresh/warm_lighting/BS8_WARM.jpg,center_crop,15.5842,98.1286,175.6899,0.7975,-1.0872,2.3448,2.1371,FRESH
ok,,beef,beef_shank,fresh,fresh,warm_lighting,none,none,BS9_WARM.jpg,beef/beef_shank/fresh/warm_lighting/BS9_WARM.jpg,center_crop,18.8529,85.8302,190.1032,1.3791,-1.7916,3.7861,3.5041,SUSPICIOUS
ok,,beef,beef_sirloin,experimental,,just_flash,air_exposure,1hr,BSL1_AIR1.jpg,beef/beef_sirloin/experimental/air_exposure/just_flash/1hr/BSL1_AIR1.jpg,center_crop,22.9181,105.8091,145.7401,2.0824,-1.4127,-0.4162,2.5335,SUSPICIOUS
ok,,beef,beef_sirloin,experimental,,just_flash,air_exposure,1hr,BSL2_AIR1.jpg,beef/beef_sirloin/experimental/air_exposure/just_flash/1hr/BSL2_AIR1.jpg,center_crop,26.365,91.7851,177.974,2.7718,-2.3525,2.8071,4.1421,STALE
ok,,beef,beef_sirloin,experimental,,just_flash,air_exposure,3hr,BSL1_AIR3.jpg,beef/beef_sirloin/experimental/air_exposure/just_flash/3hr/BSL1_AIR3.jpg,center_crop,38.267,79.484,135.6721,5.1522,-3.1769,-1.4231,6.136,STALE
ok,,beef,beef_sirloin,experimental,,just_flash,air_exposure,3hr,BSL2_AIR3.jpg,beef/beef_sirloin/experimental/air_exposure/just_flash/3hr/BSL2_AIR3.jpg,center_crop,33.4953,84.3025,144.3005,4.1978,-2.854,-0.5602,5.0915,STALE
ok,,beef,beef_sirloin,experimental,,just_flash,air_exposure,6hr,BSL1_AIR6.jpg,beef/beef_sirloin/experimental/air_exposure/just_flash/6hr/BSL1_AIR6.jpg,center_crop,42.0138,98.4946,113.5921,5.9015,-1.9029,-3.6311,6.7113,STALE
ok,,beef,beef_sirloin,experimental,,just_flash,air_exposure,6hr,BSL2_AIR6.jpg,beef/beef_sirloin/experimental/air_exposure/just_flash/6hr/BSL2_AIR6.jpg,center_crop,50.7846,91.6976,122.2183,7.6557,-2.3584,-2.7684,8.2464,STALE
ok,,beef,beef_sirloin,experimental,,just_flash,pork_blood,1hr,BSL1_BLOOD.jpg,beef/beef_sirloin/experimental/pork_blood/just_flash/1hr/BSL1_BLOOD.jpg,center_crop,12.06,142.3964,152.5157,-0.0892,1.0392,0.2613,1.0593,FRESH
ok,,beef,beef_sirloin,experimental,,just_flash,pork_blood,1hr,BSL2_BLOOD.jpg,beef/beef_sirloin/experimental/pork_blood/just_flash/1hr/BSL2_BLOOD.jpg,center_crop,6.1999,162.1889,172.9485,-1.2613,2.3656,2.3046,3.1373,SUSPICIOUS
ok,,beef,beef_sirloin,experimental,,just_flash,sun_exposure,1hr,BSL1_SUN1.jpg,beef/beef_sirloin/experimental/sun_exposure/just_flash/1hr/BSL1_SUN1.jpg,center_crop,18.5359,86.2282,139.8636,1.2059,-2.7249,-1.0039,3.0632,SUSPICIOUS
ok,,beef,beef_sirloin,experimental,,just_flash,sun_exposure,1hr,BSL2_SUN1.jpg,beef/beef_sirloin/experimental/sun_exposure/just_flash/1hr/BSL2_SUN1.jpg,center_crop,19.4761,79.5827,159.4651,1.394,-3.1703,0.9563,3.5286,SUSPICIOUS
ok,,beef,beef_sirloin,experimental,,just_flash,sun_exposure,3hr,BSL1_SUN3.jpg,beef/beef_sirloin/experimental/sun_exposure/just_flash/3hr/BSL1_SUN3.jpg,center_crop,56.0193,93.1431,138.8813,8.7026,-2.2615,-1.1021,9.0254,STALE
ok,,beef,beef_sirloin,experimental,,just_flash,sun_exposure,3hr,BSL2_SUN3.jpg,beef/beef_sirloin/experimental/sun_exposure/just_flash/3hr/BSL2_SUN3.jpg,center_crop,56.99,91.2197,133.4984,8.8968,-2.3904,-1.6404,9.285,STALE
ok,,beef,beef_sirloin,experimental,,just_flash,sun_exposure,4hr,BSL1_SUN4.jpg,beef/beef_sirloin/experimental/sun_exposure/just_flash/4hr/BSL1_SUN4.jpg,center_crop,52.1377,96.1101,141.7871,7.9263,-2.0627,-0.8115,8.2104,STALE
ok,,beef,beef_sirloin,experimental,,just_flash,sun_exposure,4hr,BSL2_SUN4.jpg,beef/beef_sirloin/experimental/sun_exposure/just_flash/4hr/BSL2_SUN4.jpg,center_crop,73.6491,82.9951,140.5937,12.2286,-2.9416,-0.9309,12.5946,STALE
ok,,beef,beef_sirloin,fresh,fresh,cool_lighting,none,none,BSL10_COOL.jpg,beef/beef_sirloin/fresh/cool_lighting/BSL10_COOL.jpg,center_crop,11.1534,109.2379,164.4461,-0.2706,-1.1829,1.4544,1.5906,FRESH
ok,,beef,beef_sirloin,fresh,fresh,cool_lighting,none,none,BSL1_COOL.jpg,beef/beef_sirloin/fresh/cool_lighting/BSL1_COOL.jpg,center_crop,16.4967,112.4925,154.5089,0.7981,-0.9648,0.4606,1.2938,FRESH
ok,,beef,beef_sirloin,fresh,fresh,cool_lighting,none,none,BSL2_COOL.jpg,beef/beef_sirloin/fresh/cool_lighting/BSL2_COOL.jpg,center_crop,22.609,83.6333,156.8115,2.0206,-2.8988,0.6909,3.5672,SUSPICIOUS
ok,,beef,beef_sirloin,fresh,fresh,cool_lighting,none,none,BSL3_COOL.jpg,beef/beef_sirloin/fresh/cool_lighting/BSL3_COOL.jpg,center_crop,19.1034,92.2501,169.8289,1.3194,-2.3214,1.9926,3.0191,SUSPICIOUS
ok,,beef,beef_sirloin,fresh,fresh,cool_lighting,none,none,BSL4_COOL.jpg,beef/beef_sirloin/fresh/cool_lighting/BSL4_COOL.jpg,center_crop,14.3964,104.5653,169.4804,0.378,-1.4961,1.9578,2.0731,FRESH
ok,,beef,beef_sirloin,fresh,fresh,cool_lighting,none,none,BSL5_COOL.jpg,beef/beef_sirloin/fresh/cool_lighting/BSL5_COOL.jpg,center_crop,12.484,108.3833,155.4036,-0.0044,-1.2402,0.5501,1.2998,FRESH
ok,,beef,beef_sirloin,fresh,fresh,cool_lighting,none,none,BSL6_COOL.jpg,beef/beef_sirloin/fresh/cool_lighting/BSL6_COOL.jpg,center_crop,13.6897,110.1777,160.9956,0.2367,-1.1199,1.1093,1.3876,FRESH
ok,,beef,beef_sirloin,fresh,fresh,cool_lighting,none,none,BSL7_COOL.jpg,beef/beef_sirloin/fresh/cool_lighting/BSL7_COOL.jpg,center_crop,11.5874,119.6203,158.7627,-0.1838,-0.4871,0.886,0.8146,FRESH
ok,,beef,beef_sirloin,fresh,fresh,cool_lighting,none,none,BSL8_COOL.jpg,beef/beef_sirloin/fresh/cool_lighting/BSL8_COOL.jpg,center_crop,7.9413,139.0919,153.2411,-0.913,0.8178,0.3338,1.2482,FRESH
ok,,beef,beef_sirloin,fresh,fresh,cool_lighting,none,none,BSL9_COOL.jpg,beef/beef_sirloin/fresh/cool_lighting/BSL9_COOL.jpg,center_crop,15.5314,100.2456,176.6493,0.605,-1.7855,2.6747,2.6704,SUSPICIOUS
ok,,beef,beef_sirloin,fresh,fresh,just_flash,none,none,BSL10_PHONE.png,beef/beef_sirloin/fresh/just_flash/BSL10_PHONE.png,center_crop,12.3285,128.3771,145.408,-0.0355,0.0997,-0.4495,0.335,FRESH
ok,,beef,beef_sirloin,fresh,fresh,just_flash,none,none,BSL1_PHONE.png,beef/beef_sirloin/fresh/just_flash/BSL1_PHONE.png,center_crop,8.5107,130.5525,148.3517,-0.7991,0.2455,-0.1551,0.8431,FRESH
ok,,beef,beef_sirloin,fresh,fresh,just_flash,none,none,BSL2_PHONE.png,beef/beef_sirloin/fresh/just_flash/BSL2_PHONE.png,center_crop,20.9804,97.1249,155.5439,1.6948,-1.9947,0.5641,2.6477,SUSPICIOUS
ok,,beef,beef_sirloin,fresh,fresh,just_flash,none,none,BSL3_PHONE.png,beef/beef_sirloin/fresh/just_flash/BSL3_PHONE.png,center_crop,14.1042,121.9552,153.0936,0.3196,-0.3307,0.3191,0.5123,FRESH
ok,,beef,beef_sirloin,fresh,fresh,just_flash,none,none,BSL4_PHONE.png,beef/beef_sirloin/fresh/just_flash/BSL4_PHONE.png,center_crop,15.4345,109.7805,166.6422,0.5857,-1.1466,1.674,1.7489,FRESH
ok,,beef,beef_sirloin,fresh,fresh,just_flash,none,none,BSL5_PHONE.png,beef/beef_sirloin/fresh/just_flash/BSL5_PHONE.png,center_crop,11.9983,129.3223,143.6637,-0.1016,0.163,-0.6239,0.4812,FRESH
ok,,beef,beef_sirloin,fresh,fresh,just_flash,none,none,BSL6_PHONE.png,beef/beef_sirloin/fresh/just_flash/BSL6_PHONE.png,center_crop,15.903,140.3844,134.7654,0.6794,0.9044,-1.5137,1.5573,FRESH
ok,,beef,beef_sirloin,fresh,fresh,just_flash,none,none,BSL7_PHONE.png,beef/beef_sirloin/fresh/just_flash/BSL7_PHONE.png,center_crop,7.912,132.1032,151.4829,-0.9188,0.3494,0.158,0.9894,FRESH
ok,,beef,beef_sirloin,fresh,fresh,just_flash,none,none,BSL8_PHONE.png,beef/beef_sirloin/fresh/just_flash/BSL8_PHONE.png,center_crop,7.8507,150.7063,145.3996,-0.9311,1.5961,-0.4503,1.8751,FRESH
ok,,beef,beef_sirloin,fresh,fresh,just_flash,none,none,BSL9_PHONE.png,beef/beef_sirloin/fresh/just_flash/BSL9_PHONE.png,center_crop,10.0396,128.5875,154.6754,-0.4933,0.1138,0.4773,0.6085,FRESH
ok,,beef,beef_sirloin,fresh,fresh,red_lighting,none,none,BSL10_RED.jpg,beef/beef_sirloin/fresh/red_lighting/BSL10_RED.jpg,center_crop,7.8572,138.8077,178.1091,-0.9298,0.7987,2.8206,2.341,FRESH
ok,,beef,beef_sirloin,fresh,fresh,red_lighting,none,none,BSL1_RED.jpg,beef/beef_sirloin/fresh/red_lighting/BSL1_RED.jpg,center_crop,8.1409,134.2324,168.0001,-0.8731,0.4921,1.8097,1.6254,FRESH
ok,,beef,beef_sirloin,fresh,fresh,red_lighting,none,none,BSL2_RED.jpg,beef/beef_sirloin/fresh/red_lighting/BSL2_RED.jpg,center_crop,9.8119,124.9129,192.9534,-0.5389,-0.1325,4.3051,3.0943,SUSPICIOUS
ok,,beef,beef_sirloin,fresh,fresh,red_lighting,none,none,BSL3_RED.jpg,beef/beef_sirloin/fresh/red_lighting/BSL3_RED.jpg,center_crop,11.2524,106.4841,183.3507,-0.2508,-1.3675,3.3448,2.7435,SUSPICIOUS
ok,,beef,beef_sirloin,fresh,fresh,red_lighting,none,none,BSL4_RED.jpg,beef/beef_sirloin/fresh/red_lighting/BSL4_RED.jpg,center_crop,9.486,124.9176,174.0436,-0.604,-0.1321,2.4141,1.8156,FRESH
ok,,beef,beef_sirloin,fresh,fresh,red_lighting,none,none,BSL5_RED.jpg,beef/beef_sirloin/fresh/red_lighting/BSL5_RED.jpg,center_crop,8.2478,139.3252,180.5044,-0.8517,0.8334,3.0602,2.4703,FRESH
ok,,beef,beef_sirloin,fresh,fresh,red_lighting,none,none,BSL6_RED.jpg,beef/beef_sirloin/fresh/red_lighting/BSL6_RED.jpg,center_crop,8.1111,142.1605,174.2125,-0.879,1.0234,2.431,2.1852,FRESH
ok,,beef,beef_sirloin,fresh,fresh,red_lighting,none,none,BSL7_RED.jpg,beef/beef_sirloin/fresh/red_lighting/BSL7_RED.jpg,center_crop,8.2435,143.2886,175.9378,-0.8525,1.099,2.6035,2.3073,FRESH
ok,,beef,beef_sirloin,fresh,fresh,red_lighting,none,none,BSL8_RED.jpg,beef/beef_sirloin/fresh/red_lighting/BSL8_RED.jpg,center_crop,7.0089,154.3616,156.0811,-1.0995,1.8411,0.6178,2.1884,FRESH
ok,,beef,beef_sirloin,fresh,fresh,red_lighting,none,none,BSL9_RED.jpg,beef/beef_sirloin/fresh/red_lighting/BSL9_RED.jpg,center_crop,8.723,126.0036,196.3326,-0.7566,-0.0594,4.643,3.3697,SUSPICIOUS
ok,,beef,beef_sirloin,fresh,fresh,warm_lighting,none,none,BSL10_WARM.jpg,beef/beef_sirloin/fresh/warm_lighting/BSL10_WARM.jpg,center_crop,27.3714,109.6225,160.3964,2.973,-1.1572,1.0494,3.2754,SUSPICIOUS
ok,,beef,beef_sirloin,fresh,fresh,warm_lighting,none,none,BSL1_WARM.jpg,beef/beef_sirloin/fresh/warm_lighting/BSL1_WARM.jpg,center_crop,15.3419,141.3653,167.5257,0.5671,0.9701,1.7623,1.678,FRESH
ok,,beef,beef_sirloin,fresh,fresh,warm_lighting,none,none,BSL2_WARM.jpg,beef/beef_sirloin/fresh/warm_lighting/BSL2_WARM.jpg,center_crop,15.5481,108.6962,170.2965,0.6084,-1.2192,2.0394,1.984,FRESH
ok,,beef,beef_sirloin,fresh,fresh,warm_lighting,none,none,BSL3_WARM.jpg,beef/beef_sirloin/fresh/warm_lighting/BSL3_WARM.jpg,center_crop,16.6876,117.9298,176.0638,0.8363,-0.6004,2.6161,2.1171,FRESH
ok,,beef,beef_sirloin,fresh,fresh,warm_lighting,none,none,BSL4_WARM.jpg,beef/beef_sirloin/fresh/warm_lighting/BSL4_WARM.jpg,center_crop,13.2914,132.5785,168.8116,0.157,0.3813,1.8909,1.3992,FRESH
ok,,beef,beef_sirloin,fresh,fresh,warm_lighting,none,none,BSL5_WARM.jpg,beef/beef_sirloin/fresh/warm_lighting/BSL5_WARM.jpg,center_crop,15.4579,120.5493,160.9185,0.5903,-0.4249,1.1016,1.0657,FRESH
ok,,beef,beef_sirloin,fresh,fresh,warm_lighting,none,none,BSL6_WARM.jpg,beef/beef_sirloin/fresh/warm_lighting/BSL6_WARM.jpg,center_crop,13.8321,133.4048,173.3129,0.2652,0.4366,2.341,1.7324,FRESH
ok,,beef,beef_sirloin,fresh,fresh,warm_lighting,none,none,BSL7_WARM.jpg,beef/beef_sirloin/fresh/warm_lighting/BSL7_WARM.jpg,center_crop,11.0902,142.9263,169.5294,-0.2832,1.0747,1.9627,1.778,FRESH
ok,,beef,beef_sirloin,fresh,fresh,warm_lighting,none,none,BSL8_WARM.jpg,beef/beef_sirloin/fresh/warm_lighting/BSL8_WARM.jpg,center_crop,8.5745,157.8521,156.4474,-0.7863,2.075,0.6545,2.2667,FRESH
ok,,beef,beef_sirloin,fresh,fresh,warm_lighting,none,none,BSL9_WARM.jpg,beef/beef_sirloin/fresh/warm_lighting/BSL9_WARM.jpg,center_crop,12.6593,120.0408,181.4199,0.0306,-0.459,3.1517,2.2756,FRESH
ok,,chicken,chicken_breast,experimental,,just_flash,air_exposure,1hr,CB1_AIR1.jpg,chicken/chicken_breast/experimental/air_exposure/just_flash/1hr/CB1_AIR1.jpg,center_crop,19.4336,100.3938,174.8014,1.8562,-2.3558,1.3178,3.1406,SUSPICIOUS
ok,,chicken,chicken_breast,experimental,,just_flash,air_exposure,1hr,CB2_AIR1.jpg,chicken/chicken_breast/experimental/air_exposure/just_flash/1hr/CB2_AIR1.jpg,center_crop,29.5923,87.8026,176.0588,3.8879,-3.7036,1.4435,5.4657,STALE
ok,,chicken,chicken_breast,experimental,,just_flash,air_exposure,3hr,CB1_AIR3.jpg,chicken/chicken_breast/experimental/air_exposure/just_flash/3hr/CB1_AIR3.jpg,center_crop,26.3683,88.3102,148.4594,3.2431,-3.6492,-1.3164,4.97,STALE
ok,,chicken,chicken_breast,experimental,,just_flash,air_exposure,3hr,CB2_AIR3.jpg,chicken/chicken_breast/experimental/air_exposure/just_flash/3hr/CB2_AIR3.jpg,center_crop,22.936,97.4869,158.4248,2.5566,-2.6669,-0.3199,3.7013,SUSPICIOUS
ok,,chicken,chicken_breast,experimental,,just_flash,air_exposure,6hr,CB1_AIR6.jpg,chicken/chicken_breast/experimental/air_exposure/just_flash/6hr/CB1_AIR6.jpg,center_crop,27.0018,65.2288,163.8322,3.3698,-6.1199,0.2209,6.9881,STALE
ok,,chicken,chicken_breast,experimental,,just_flash,air_exposure,6hr,CB2_AIR6.jpg,chicken/chicken_breast/experimental/air_exposure/just_flash/6hr/CB2_AIR6.jpg,center_crop,32.0438,74.1712,157.8656,4.3782,-5.1627,-0.3758,6.7744,STALE
ok,,chicken,chicken_breast,experimental,,just_flash,pork_blood,1hr,CB1_BLOOD.jpg,chicken/chicken_breast/experimental/pork_blood/just_flash/1hr/CB1_BLOOD.jpg,center_crop,23.1498,104.9694,175.6429,2.5994,-1.866,1.402,3.3498,SUSPICIOUS
ok,,chicken,chicken_breast,experimental,,just_flash,pork_blood,1hr,CB2_BLOOD.jpg,chicken/chicken_breast/experimental/pork_blood/just_flash/1hr/CB2_BLOOD.jpg,center_crop,21.1505,108.0184,167.7219,2.1995,-1.5396,0.6099,2.7192,SUSPICIOUS
ok,,chicken,chicken_breast,experimental,,just_flash,sun_exposure,1hr,CD1_SUN1.jpg,chicken/chicken_breast/experimental/sun_exposure/just_flash/1hr/CD1_SUN1.jpg,center_crop,34.8212,46.1867,180.795,4.9337,-8.1583,1.9172,9.63,STALE
ok,,chicken,chicken_breast,experimental,,just_flash,sun_exposure,1hr,CD2_SUN1.jpg,chicken/chicken_breast/experimental/sun_exposure/just_flash/1hr/CD2_SUN1.jpg,center_crop,25.5648,55.3146,172.7201,3.0824,-7.1812,1.1097,7.8541,STALE
ok,,chicken,chicken_breast,experimental,,just_flash,sun_exposure,3hr,CB1_SUN3.jpg,chicken/chicken_breast/experimental/sun_exposure/just_flash/3hr/CB1_SUN3.jpg,center_crop,30.2421,59.1015,147.4436,4.0179,-6.7758,-1.418,7.941,STALE
ok,,chicken,chicken_breast,experimental,,just_flash,sun_exposure,3hr,CB2_SUN3.jpg,chicken/chicken_breast/experimental/sun_exposure/just_flash/3hr/CB2_SUN3.jpg,center_crop,39.7751,75.5771,146.5256,5.9245,-5.0122,-1.5098,7.8333,STALE
ok,,chicken,chicken_breast,experimental,,just_flash,sun_exposure,4hr,CB1_SUN4.jpg,chicken/chicken_breast/experimental/sun_exposure/just_flash/4hr/CB1_SUN4.jpg,center_crop,42.1439,56.9704,180.1804,6.3982,-7.0039,1.8557,9.5768,STALE
ok,,chicken,chicken_breast,experimental,,just_flash,sun_exposure,4hr,CB2_SUN4.jpg,chicken/chicken_breast/experimental/sun_exposure/just_flash/4hr/CB2_SUN4.jpg,center_crop,41.8027,52.3395,191.5057,6.33,-7.4996,2.9882,10.0388,STALE
ok,,chicken,chicken_breast,fresh,fresh,cool_lighting,none,none,CB10_COOL.jpg,chicken/chicken_breast/fresh/cool_lighting/CB10_COOL.jpg,center_crop,36.5615,59.1404,176.9855,5.2817,-6.7717,1.5362,8.6563,STALE
ok,,chicken,chicken_breast,fresh,fresh,cool_lighting,none,none,CB1_COOL.jpg,chicken/chicken_breast/fresh/cool_lighting/CB1_COOL.jpg,center_crop,34.9935,64.5036,173.2526,4.9681,-6.1976,1.1629,7.9855,STALE
ok,,chicken,chicken_breast,fresh,fresh,cool_lighting,none,none,CB2_COOL.jpg,chicken/chicken_breast/fresh/cool_lighting/CB2_COOL.jpg,center_crop,45.9925,66.5185,179.8063,7.1679,-5.9819,1.8183,9.4242,STALE
ok,,chicken,chicken_breast,fresh,fresh,cool_lighting,none,none,CB3_COOL.jpg,chicken/chicken_breast/fresh/cool_lighting/CB3_COOL.jpg,center_crop,39.622,50.2298,185.9405,5.8938,-7.7255,2.4317,9.868,STALE
ok,,chicken,chicken_breast,fresh,fresh,cool_lighting,none,none,CB4_COOL.jpg,chicken/chicken_breast/fresh/cool_lighting/CB4_COOL.jpg,center_crop,46.0242,57.5882,183.1083,7.1743,-6.9378,2.1485,10.0951,STALE
ok,,chicken,chicken_breast,fresh,fresh,cool_lighting,none,none,CB5_COOL.jpg,chicken/chicken_breast/fresh/cool_lighting/CB5_COOL.jpg,center_crop,21.9656,63.8524,181.2916,2.3626,-6.2673,1.9668,6.8406,STALE
ok,,chicken,chicken_breast,fresh,fresh,cool_lighting,none,none,CB6_COOL.jpg,chicken/chicken_breast/fresh/cool_lighting/CB6_COOL.jpg,center_crop,28.9553,50.5513,182.649,3.7605,-7.6911,2.1026,8.6893,STALE
ok,,chicken,chicken_breast,fresh,fresh,cool_lighting,none,none,CB7_COOL.jpg,chicken/chicken_breast/fresh/cool_lighting/CB7_COOL.jpg,center_crop,43.5417,57.3863,172.0597,6.6778,-6.9594,1.0436,9.6732,STALE
ok,,chicken,chicken_breast,fresh,fresh,cool_lighting,none,none,CB8_COOL.jpg,chicken/chicken_breast/fresh/cool_lighting/CB8_COOL.jpg,center_crop,20.9996,69.1913,173.6668,2.1694,-5.6958,1.2043,6.1541,STALE
ok,,chicken,chicken_breast,fresh,fresh,cool_lighting,none,none,CB9_COOL.jpg,chicken/chicken_breast/fresh/cool_lighting/CB9_COOL.jpg,center_crop,42.3993,64.5603,173.6134,6.4493,-6.1915,1.199,8.9804,STALE
ok,,chicken,chicken_breast,fresh,fresh,just_flash,none,none,CB10_PHONE.png,chicken/chicken_breast/fresh/just_flash/CB10_PHONE.png,center_crop,9.7673,127.9994,157.7039,-0.0771,0.5992,-0.392,0.6647,FRESH
ok,,chicken,chicken_breast,fresh,fresh,just_flash,none,none,CB1_PHONE.png,chicken/chicken_breast/fresh/just_flash/CB1_PHONE.png,center_crop,10.3455,123.4292,155.427,0.0385,0.11,-0.6196,0.4534,FRESH
ok,,chicken,chicken_breast,fresh,fresh,just_flash,none,none,CB2_PHONE.png,chicken/chicken_breast/fresh/just_flash/CB2_PHONE.png,center_crop,10.6132,130.3726,155.16,0.0921,0.8533,-0.6463,0.9723,FRESH
ok,,chicken,chicken_breast,fresh,fresh,just_flash,none,none,CB3_PHONE.png,chicken/chicken_breast/fresh/just_flash/CB3_PHONE.png,center_crop,10.6,116.395,172.4133,0.0894,-0.6429,1.079,1.0017,FRESH
ok,,chicken,chicken_breast,fresh,fresh,just_flash,none,none,CB4_PHONE.png,chicken/chicken_breast/fresh/just_flash/CB4_PHONE.png,center_crop,9.8756,136.1386,160.0697,-0.0554,1.4705,-0.1554,1.4756,FRESH
ok,,chicken,chicken_breast,fresh,fresh,just_flash,none,none,CB5_PHONE.png,chicken/chicken_breast/fresh/just_flash/CB5_PHONE.png,center_crop,8.9912,116.4868,174.3065,-0.2323,-0.6331,1.2683,1.1221,FRESH
ok,,chicken,chicken_breast,fresh,fresh,just_flash,none,none,CB6_PHONE.png,chicken/chicken_breast/fresh/just_flash/CB6_PHONE.png,center_crop,9.664,102.0091,162.7441,-0.0978,-2.1828,0.1121,2.1865,FRESH
ok,,chicken,chicken_breast,fresh,fresh,just_flash,none,none,CB7_PHONE.png,chicken/chicken_breast/fresh/just_flash/CB7_PHONE.png,center_crop,10.6767,125.5445,148.2378,0.1048,0.3365,-1.3386,1.01,FRESH
ok,,chicken,chicken_breast,fresh,fresh,just_flash,none,none,CB8_PHONE.png,chicken/chicken_breast/fresh/just_flash/CB8_PHONE.png,center_crop,9.5351,124.175,165.1338,-0.1235,0.1899,0.351,0.3361,FRESH
ok,,chicken,chicken_breast,fresh,fresh,just_flash,none,none,CB9_PHONE.png,chicken/chicken_breast/fresh/just_flash/CB9_PHONE.png,center_crop,11.459,121.462,165.0385,0.2612,-0.1005,0.3415,0.3697,FRESH
ok,,chicken,chicken_breast,fresh,fresh,red_lighting,none,none,CB10_RED.jpg,chicken/chicken_breast/fresh/red_lighting/CB10_RED.jpg,center_crop,12.7967,97.1041,199.1811,0.5288,-2.7079,3.7558,3.8295,SUSPICIOUS
ok,,chicken,chicken_breast,fresh,fresh,red_lighting,none,none,CB1_RED.jpg,chicken/chicken_breast/fresh/red_lighting/CB1_RED.jpg,center_crop,32.1222,71.1098,173.2676,4.3939,-5.4904,1.1644,7.0802,STALE
ok,,chicken,chicken_breast,fresh,fresh,red_lighting,none,none,CB2_RED.jpg,chicken/chicken_breast/fresh/red_lighting/CB2_RED.jpg,center_crop,39.8283,68.284,173.1945,5.9351,-5.7929,1.1571,8.3338,STALE
ok,,chicken,chicken_breast,fresh,fresh,red_lighting,none,none,CB3_RED.jpg,chicken/chicken_breast/fresh/red_lighting/CB3_RED.jpg,center_crop,34.7304,58.4086,182.4019,4.9155,-6.85,2.0779,8.5582,STALE
ok,,chicken,chicken_breast,fresh,fresh,red_lighting,none,none,CB4_RED.jpg,chicken/chicken_breast/fresh/red_lighting/CB4_RED.jpg,center_crop,19.2512,85.0579,177.5334,1.8197,-3.9974,1.591,4.5338,STALE
ok,,chicken,chicken_breast,fresh,fresh,red_lighting,none,none,CB5_RED.jpg,chicken/chicken_breast/fresh/red_lighting/CB5_RED.jpg,center_crop,31.9649,55.7474,182.5117,4.3624,-7.1349,2.0888,8.4923,STALE
ok,,chicken,chicken_breast,fresh,fresh,red_lighting,none,none,CB6_RED.jpg,chicken/chicken_breast/fresh/red_lighting/CB6_RED.jpg,center_crop,34.5716,61.7875,185.7179,4.8838,-6.4883,2.4094,8.2977,STALE
ok,,chicken,chicken_breast,fresh,fresh,red_lighting,none,none,CB7_RED.jpg,chicken/chicken_breast/fresh/red_lighting/CB7_RED.jpg,center_crop,13.3627,88.6847,191.5103,0.642,-3.6091,2.9887,4.2313,STALE
ok,,chicken,chicken_breast,fresh,fresh,red_lighting,none,none,CB8_RED.jpg,chicken/chicken_breast/fresh/red_lighting/CB8_RED.jpg,center_crop,26.9243,73.6386,186.8451,3.3543,-5.2197,2.5222,6.4558,STALE
ok,,chicken,chicken_breast,fresh,fresh,red_lighting,none,none,CB9_RED.jpg,chicken/chicken_breast/fresh/red_lighting/CB9_RED.jpg,center_crop,16.0864,88.1575,203.8473,1.1867,-3.6656,4.2224,4.8743,STALE
ok,,chicken,chicken_breast,fresh,fresh,warm_lighting,none,none,CB10_WARM.jpg,chicken/chicken_breast/fresh/warm_lighting/CB10_WARM.jpg,center_crop,16.968,91.7871,181.5947,1.363,-3.277,1.9971,3.8198,SUSPICIOUS
ok,,chicken,chicken_breast,fresh,fresh,warm_lighting,none,none,CB1_WARM.jpg,chicken/chicken_breast/fresh/warm_lighting/CB1_WARM.jpg,center_crop,29.3624,76.3536,182.3935,3.8419,-4.9291,2.077,6.4198,STALE
ok,,chicken,chicken_breast,fresh,fresh,warm_lighting,none,none,CB2_WARM.jpg,chicken/chicken_breast/fresh/warm_lighting/CB2_WARM.jpg,center_crop,43.295,76.3785,183.1507,6.6284,-4.9264,2.1527,8.3978,STALE
ok,,chicken,chicken_breast,fresh,fresh,warm_lighting,none,none,CB3_WARM.jpg,chicken/chicken_breast/fresh/warm_lighting/CB3_WARM.jpg,center_crop,23.9783,63.2683,187.5511,2.7651,-6.3298,2.5928,7.1466,STALE
ok,,chicken,chicken_breast,fresh,fresh,warm_lighting,none,none,CB4_WARM.jpg,chicken/chicken_breast/fresh/warm_lighting/CB4_WARM.jpg,center_crop,26.6799,80.2298,193.131,3.3054,-4.5142,3.1508,6.0222,STALE
ok,,chicken,chicken_breast,fresh,fresh,warm_lighting,none,none,CB5_WARM.jpg,chicken/chicken_breast/fresh/warm_lighting/CB5_WARM.jpg,center_crop,14.417,80.6786,184.8667,0.8528,-4.4661,2.3243,4.8348,STALE
ok,,chicken,chicken_breast,fresh,fresh,warm_lighting,none,none,CB6_WARM.jpg,chicken/chicken_breast/fresh/warm_lighting/CB6_WARM.jpg,center_crop,17.4525,66.8317,185.7488,1.4599,-5.9483,2.4125,6.358,STALE
ok,,chicken,chicken_breast,fresh,fresh,warm_lighting,none,none,CB7_WARM.jpg,chicken/chicken_breast/fresh/warm_lighting/CB7_WARM.jpg,center_crop,29.8826,71.5962,182.2437,3.946,-5.4383,2.062,6.8755,STALE
ok,,chicken,chicken_breast,fresh,fresh,warm_lighting,none,none,CB8_WARM.jpg,chicken/chicken_breast/fresh/warm_lighting/CB8_WARM.jpg,center_crop,16.6292,65.8708,180.0477,1.2953,-6.0512,1.8424,6.3239,STALE
ok,,chicken,chicken_breast,fresh,fresh,warm_lighting,none,none,CB9_WARM.jpg,chicken/chicken_breast/fresh/warm_lighting/CB9_WARM.jpg,center_crop,27.5444,89.0868,176.589,3.4783,-3.5661,1.4966,5.0927,STALE
ok,,chicken,chicken_drumstick,experimental,,just_flash,air_exposure,1hr,CD1_AIR1.jpg,chicken/chicken_drumstick/experimental/air_exposure/just_flash/1hr/CD1_AIR1.jpg,center_crop,39.4377,55.1416,176.1527,4.6229,-1.6525,0.1764,4.9109,STALE
ok,,chicken,chicken_drumstick,experimental,,just_flash,air_exposure,1hr,CD2_AIR1.jpg,chicken/chicken_drumstick/experimental/air_exposure/just_flash/1hr/CD2_AIR1.jpg,center_crop,23.5254,76.6161,180.3377,1.4404,0.0435,0.5949,1.5012,FRESH
ok,,chicken,chicken_drumstick,experimental,,just_flash,air_exposure,3hr,CD1_AIR3.jpg,chicken/chicken_drumstick/experimental/air_exposure/just_flash/3hr/CD1_AIR3.jpg,center_crop,33.0319,56.9713,165.3508,3.3417,-1.508,-0.9038,3.7215,SUSPICIOUS
ok,,chicken,chicken_drumstick,experimental,,just_flash,air_exposure,3hr,CD2_AIR3.jpg,chicken/chicken_drumstick/experimental/air_exposure/just_flash/3hr/CD2_AIR3.jpg,center_crop,30.7498,77.2586,140.6844,2.8853,0.0942,-3.3704,3.7435,SUSPICIOUS
ok,,chicken,chicken_drumstick,experimental,,just_flash,air_exposure,6hr,CD1_AIR6.jpg,chicken/chicken_drumstick/experimental/air_exposure/just_flash/6hr/CD1_AIR6.jpg,center_crop,31.2932,42.7033,157.8544,2.994,-2.6348,-1.6534,4.1561,STALE
ok,,chicken,chicken_drumstick,experimental,,just_flash,air_exposure,6hr,CD2_AIR6.jpg,chicken/chicken_drumstick/experimental/air_exposure/just_flash/6hr/CD2_AIR6.jpg,center_crop,28.7525,52.484,182.8731,2.4858,-1.8623,0.8484,3.1635,SUSPICIOUS
ok,,chicken,chicken_drumstick,experimental,,just_flash,pork_blood,1hr,CD1_BLOOD.jpg,chicken/chicken_drumstick/experimental/pork_blood/just_flash/1hr/CD1_BLOOD.jpg,center_crop,28.2095,60.1796,180.9492,2.3772,-1.2546,0.6561,2.7277,SUSPICIOUS
ok,,chicken,chicken_drumstick,experimental,,just_flash,pork_blood,1hr,CD2_BLOOD.jpg,chicken/chicken_drumstick/experimental/pork_blood/just_flash/1hr/CD2_BLOOD.jpg,center_crop,23.2734,85.5532,176.2518,1.39,0.7493,0.1863,1.5846,FRESH
ok,,chicken,chicken_drumstick,experimental,,just_flash,sun_exposure,1hr,CD1_SUN1.jpg,chicken/chicken_drumstick/experimental/sun_exposure/just_flash/1hr/CD1_SUN1.jpg,center_crop,34.8212,46.1867,180.795,3.6996,-2.3597,0.6406,4.4114,STALE
ok,,chicken,chicken_drumstick,experimental,,just_flash,sun_exposure,1hr,CD2_SUN1.jpg,chicken/chicken_drumstick/experimental/sun_exposure/just_flash/1hr/CD2_SUN1.jpg,center_crop,25.5648,55.3146,172.7201,1.8483,-1.6388,-0.1669,2.473,FRESH
ok,,chicken,chicken_drumstick,experimental,,just_flash,sun_exposure,3hr,CD1_SUN3.jpg,chicken/chicken_drumstick/experimental/sun_exposure/just_flash/3hr/CD1_SUN3.jpg,center_crop,47.7117,48.8852,169.5278,6.2777,-2.1466,-0.4861,6.6434,STALE
ok,,chicken,chicken_drumstick,experimental,,just_flash,sun_exposure,3hr,CD2_SUN3.jpg,chicken/chicken_drumstick/experimental/sun_exposure/just_flash/3hr/CD2_SUN3.jpg,center_crop,31.272,57.3029,167.4597,2.9897,-1.4818,-0.6929,3.3726,SUSPICIOUS
ok,,chicken,chicken_drumstick,experimental,,just_flash,sun_exposure,4hr,CD1_SUN4.jpg,chicken/chicken_drumstick/experimental/sun_exposure/just_flash/4hr/CD1_SUN4.jpg,center_crop,21.8074,50.4687,146.426,1.0968,-2.0215,-2.7963,3.033,SUSPICIOUS
ok,,chicken,chicken_drumstick,experimental,,just_flash,sun_exposure,4hr,CD2_SUN4.jpg,chicken/chicken_drumstick/experimental/sun_exposure/just_flash/4hr/CD2_SUN4.jpg,center_crop,17.106,60.198,189.584,0.1565,-1.2531,1.5195,1.6581,FRESH
ok,,chicken,chicken_drumstick,fresh,fresh,cool_lighting,none,none,CD10_COOL.jpg,chicken/chicken_drumstick/fresh/cool_lighting/CD10_COOL.jpg,center_crop,36.1319,39.2682,188.0576,3.9617,-2.9061,1.3669,5.0074,STALE
ok,,chicken,chicken_drumstick,fresh,fresh,cool_lighting,none,none,CD1_COOL.jpg,chicken/chicken_drumstick/fresh/cool_lighting/CD1_COOL.jpg,center_crop,56.3605,33.0475,189.8346,8.0074,-3.3974,1.5446,8.7666,STALE
ok,,chicken,chicken_drumstick,fresh,fresh,cool_lighting,none,none,CD2_COOL.jpg,chicken/chicken_drumstick/fresh/cool_lighting/CD2_COOL.jpg,center_crop,54.1526,38.3656,173.8906,7.5658,-2.9774,-0.0498,8.1307,STALE
ok,,chicken,chicken_drumstick,fresh,fresh,cool_lighting,none,none,CD3_COOL.jpg,chicken/chicken_drumstick/fresh/cool_lighting/CD3_COOL.jpg,center_crop,50.9902,27.4835,182.0139,6.9334,-3.8368,0.7625,7.9425,STALE
ok,,chicken,chicken_drumstick,fresh,fresh,cool_lighting,none,none,CD4_COOL.jpg,chicken/chicken_drumstick/fresh/cool_lighting/CD4_COOL.jpg,center_crop,47.3043,39.3062,188.9937,6.1962,-2.9031,1.4605,6.9201,STALE
ok,,chicken,chicken_drumstick,fresh,fresh,cool_lighting,none,none,CD5_COOL.jpg,chicken/chicken_drumstick/fresh/cool_lighting/CD5_COOL.jpg,center_crop,44.5215,40.9305,187.5075,5.6396,-2.7748,1.3119,6.3534,STALE
ok,,chicken,chicken_drumstick,fresh,fresh,cool_lighting,none,none,CD6_COOL.jpg,chicken/chicken_drumstick/fresh/cool_lighting/CD6_COOL.jpg,center_crop,44.6551,36.3728,171.3529,5.6663,-3.1348,-0.3036,6.4792,STALE
ok,,chicken,chicken_drumstick,fresh,fresh,cool_lighting,none,none,CD7_COOL.jpg,chicken/chicken_drumstick/fresh/cool_lighting/CD7_COOL.jpg,center_crop,46.9368,34.3235,194.9725,6.1227,-3.2966,2.0584,7.1044,STALE
ok,,chicken,chicken_drumstick,fresh,fresh,cool_lighting,none,none,CD8_COOL.jpg,chicken/chicken_drumstick/fresh/cool_lighting/CD8_COOL.jpg,center_crop,31.5107,45.7976,189.0256,3.0375,-2.3904,1.4637,4.0014,STALE
ok,,chicken,chicken_drumstick,fresh,fresh,cool_lighting,none,none,CD9_COOL.jpg,chicken/chicken_drumstick/fresh/cool_lighting/CD9_COOL.jpg,center_crop,44.8935,37.0574,177.0852,5.714,-3.0807,0.2696,6.4944,STALE
ok,,chicken,chicken_drumstick,fresh,fresh,just_flash,none,none,CD10_PHONE.png,chicken/chicken_drumstick/fresh/just_flash/CD10_PHONE.png,center_crop,19.488,66.9742,164.8735,0.6329,-0.718,-0.9515,1.1699,FRESH
ok,,chicken,chicken_drumstick,fresh,fresh,just_flash,none,none,CD1_PHONE.png,chicken/chicken_drumstick/fresh/just_flash/CD1_PHONE.png,center_crop,15.7335,71.0644,182.9359,-0.118,-0.3949,0.8547,0.7316,FRESH
ok,,chicken,chicken_drumstick,fresh,fresh,just_flash,none,none,CD2_PHONE.png,chicken/chicken_drumstick/fresh/just_flash/CD2_PHONE.png,center_crop,17.3143,76.0606,170.6084,0.1982,-0.0004,-0.378,0.3328,FRESH
ok,,chicken,chicken_drumstick,fresh,fresh,just_flash,none,none,CD3_PHONE.png,chicken/chicken_drumstick/fresh/just_flash/CD3_PHONE.png,center_crop,15.5841,57.9199,175.2701,-0.1479,-1.433,0.0881,1.442,FRESH
ok,,chicken,chicken_drumstick,fresh,fresh,just_flash,none,none,CD4_PHONE.png,chicken/chicken_drumstick/fresh/just_flash/CD4_PHONE.png,center_crop,14.7634,93.1364,159.6275,-0.312,1.3482,-1.4761,1.7333,FRESH
ok,,chicken,chicken_drumstick,fresh,fresh,just_flash,none,none,CD5_PHONE.png,chicken/chicken_drumstick/fresh/just_flash/CD5_PHONE.png,center_crop,20.2841,77.1704,182.5655,0.7921,0.0873,0.8177,0.9846,FRESH
ok,,chicken,chicken_drumstick,fresh,fresh,just_flash,none,none,CD7_PHONE.png,chicken/chicken_drumstick/fresh/just_flash/CD7_PHONE.png,center_crop,17.5762,64.2517,185.4435,0.2506,-0.933,1.1055,1.2427,FRESH
ok,,chicken,chicken_drumstick,fresh,fresh,just_flash,none,none,CD8_PHONE.png,chicken/chicken_drumstick/fresh/just_flash/CD8_PHONE.png,center_crop,12.4863,95.2756,172.9846,-0.7674,1.5171,-0.1404,1.7031,FRESH
ok,,chicken,chicken_drumstick,fresh,fresh,just_flash,none,none,CD9_PHONE.png,chicken/chicken_drumstick/fresh/just_flash/CD9_PHONE.png,center_crop,13.6809,82.7343,175.1891,-0.5285,0.5267,0.08,0.7483,FRESH
ok,,chicken,chicken_drumstick,fresh,fresh,red_lighting,none,none,CD10_RED.jpg,chicken/chicken_drumstick/fresh/red_lighting/CD10_RED.jpg,center_crop,17.7131,75.2918,205.9015,0.2779,-0.0611,3.1513,2.2464,FRESH
ok,,chicken,chicken_drumstick,fresh,fresh,red_lighting,none,none,CD1_RED.jpg,chicken/chicken_drumstick/fresh/red_lighting/CD1_RED.jpg,center_crop,39.9053,67.7788,204.3056,4.7164,-0.6544,2.9917,5.2103,STALE
ok,,chicken,chicken_drumstick,fresh,fresh,red_lighting,none,none,CD2_RED.jpg,chicken/chicken_drumstick/fresh/red_lighting/CD2_RED.jpg,center_crop,31.714,68.1132,194.1185,3.0781,-0.628,1.973,3.4374,SUSPICIOUS
ok,,chicken,chicken_drumstick,fresh,fresh,red_lighting,none,none,CD3_RED.jpg,chicken/chicken_drumstick/fresh/red_lighting/CD3_RED.jpg,center_crop,24.2388,69.1235,201.2348,1.5831,-0.5482,2.6846,2.5319,SUSPICIOUS
ok,,chicken,chicken_drumstick,fresh,fresh,red_lighting,none,none,CD4_RED.jpg,chicken/chicken_drumstick/fresh/red_lighting/CD4_RED.jpg,center_crop,23.79,80.7414,203.6429,1.4933,0.3693,2.9254,2.5779,SUSPICIOUS
ok,,chicken,chicken_drumstick,fresh,fresh,red_lighting,none,none,CD5_RED.jpg,chicken/chicken_drumstick/fresh/red_lighting/CD5_RED.jpg,center_crop,25.238,86.3358,203.1423,1.7829,0.8111,2.8754,2.8232,SUSPICIOUS
ok,,chicken,chicken_drumstick,fresh,fresh,red_lighting,none,none,CD6_RED.jpg,chicken/chicken_drumstick/fresh/red_lighting/CD6_RED.jpg,center_crop,28.8657,62.0165,180.9026,2.5085,-1.1095,0.6514,2.7813,SUSPICIOUS
ok,,chicken,chicken_drumstick,fresh,fresh,red_lighting,none,none,CD7_RED.jpg,chicken/chicken_drumstick/fresh/red_lighting/CD7_RED.jpg,center_crop,18.137,76.7027,209.059,0.3627,0.0503,3.467,2.4788,FRESH
ok,,chicken,chicken_drumstick,fresh,fresh,red_lighting,none,none,CD8_RED.jpg,chicken/chicken_drumstick/fresh/red_lighting/CD8_RED.jpg,center_crop,17.124,81.8947,206.9294,0.1601,0.4604,3.2541,2.352,FRESH
ok,,chicken,chicken_drumstick,fresh,fresh,red_lighting,none,none,CD9_RED.jpg,chicken/chicken_drumstick/fresh/red_lighting/CD9_RED.jpg,center_crop,22.8856,82.973,198.7464,1.3124,0.5455,2.4358,2.2331,FRESH
ok,,chicken,chicken_drumstick,fresh,fresh,warm_lighting,none,none,CD10_WARM.jpg,chicken/chicken_drumstick/fresh/warm_lighting/CD10_WARM.jpg,center_crop,23.5182,77.2721,197.1431,1.439,0.0953,2.2754,2.1607,FRESH
ok,,chicken,chicken_drumstick,fresh,fresh,warm_lighting,none,none,CD1_WARM.jpg,chicken/chicken_drumstick/fresh/warm_lighting/CD1_WARM.jpg,center_crop,40.3779,58.8054,191.9784,4.8109,-1.3631,1.759,5.1527,STALE
ok,,chicken,chicken_drumstick,fresh,fresh,warm_lighting,none,none,CD2_WARM.jpg,chicken/chicken_drumstick/fresh/warm_lighting/CD2_WARM.jpg,center_crop,39.1905,73.2298,172.3367,4.5734,-0.2239,-0.2052,4.5812,STALE
ok,,chicken,chicken_drumstick,fresh,fresh,warm_lighting,none,none,CD3_WARM.jpg,chicken/chicken_drumstick/fresh/warm_lighting/CD3_WARM.jpg,center_crop,27.5601,63.5694,189.9676,2.2473,-0.9869,1.5579,2.6903,SUSPICIOUS
ok,,chicken,chicken_drumstick,fresh,fresh,warm_lighting,none,none,CD4_WARM.jpg,chicken/chicken_drumstick/fresh/warm_lighting/CD4_WARM.jpg,center_crop,30.3497,78.0663,189.6455,2.8053,0.158,1.5257,3.0097,SUSPICIOUS
ok,,chicken,chicken_drumstick,fresh,fresh,warm_lighting,none,none,CD5_WARM.jpg,chicken/chicken_drumstick/fresh/warm_lighting/CD5_WARM.jpg,center_crop,28.5528,80.3732,191.1885,2.4459,0.3402,1.68,2.7403,SUSPICIOUS
ok,,chicken,chicken_drumstick,fresh,fresh,warm_lighting,none,none,CD6_WARM.jpg,chicken/chicken_drumstick/fresh/warm_lighting/CD6_WARM.jpg,center_crop,24.957,85.5925,180.7265,1.7267,0.7524,0.6338,1.9361,FRESH
ok,,chicken,chicken_drumstick,fresh,fresh,warm_lighting,none,none,CD7_WARM.jpg,chicken/chicken_drumstick/fresh/warm_lighting/CD7_WARM.jpg,center_crop,23.7354,77.6308,193.6907,1.4824,0.1236,1.9302,2.0188,FRESH
ok,,chicken,chicken_drumstick,fresh,fresh,warm_lighting,none,none,CD8_WARM.jpg,chicken/chicken_drumstick/fresh/warm_lighting/CD8_WARM.jpg,center_crop,20.5602,81.7732,197.3894,0.8474,0.4508,2.3001,1.8885,FRESH
ok,,chicken,chicken_drumstick,fresh,fresh,warm_lighting,none,none,CD9_WARM.jpg,chicken/chicken_drumstick/fresh/warm_lighting/CD9_WARM.jpg,center_crop,30.1844,75.6072,188.8986,2.7722,-0.0362,1.451,2.9562,SUSPICIOUS
ok,,pork,pork_belly,experimental,,just_flash,air_exposure,1hr,PB1_AIR1.jpg,pork/pork_belly/experimental/air_exposure/just_flash/1hr/PB1_AIR1.jpg,center_crop,30.986,71.7784,168.2179,0.7828,-3.7948,2.8284,4.3604,STALE
ok,,pork,pork_belly,experimental,,just_flash,air_exposure,1hr,PB2_AIR1.jpg,pork/pork_belly/experimental/air_exposure/just_flash/1hr/PB2_AIR1.jpg,center_crop,19.4311,88.4238,163.6114,-0.3667,-2.6155,2.4447,3.1565,SUSPICIOUS
ok,,pork,pork_belly,experimental,,just_flash,air_exposure,3hr,PB1_AIR3.jpg,pork/pork_belly/experimental/air_exposure/just_flash/3hr/PB1_AIR3.jpg,center_crop,42.9747,65.4988,151.0225,1.9755,-4.2397,1.3964,4.7805,STALE
ok,,pork,pork_belly,experimental,,just_flash,air_exposure,3hr,PB2_AIR3.jpg,pork/pork_belly/experimental/air_exposure/just_flash/3hr/PB2_AIR3.jpg,center_crop,40.7395,68.6313,137.8899,1.7531,-4.0178,0.3028,4.3888,STALE
ok,,pork,pork_belly,experimental,,just_flash,air_exposure,6hr,PB1_AIR6.jpg,pork/pork_belly/experimental/air_exposure/just_flash/6hr/PB1_AIR6.jpg,center_crop,66.2648,87.0491,143.4961,4.2925,-2.7129,0.7696,5.107,STALE
ok,,pork,pork_belly,experimental,,just_flash,air_exposure,6hr,PB2_AIR6.jpg,pork/pork_belly/experimental/air_exposure/just_flash/6hr/PB2_AIR6.jpg,center_crop,38.2765,58.2287,160.0675,1.5081,-4.7548,2.1496,5.2147,STALE
ok,,pork,pork_belly,experimental,,just_flash,pork_blood,1hr,PB1_BLOOD.jpg,pork/pork_belly/experimental/pork_blood/just_flash/1hr/PB1_BLOOD.jpg,center_crop,26.1105,102.8926,161.3086,0.2978,-1.5904,2.253,2.2707,FRESH
ok,,pork,pork_belly,experimental,,just_flash,pork_blood,1hr,PB2_BLOOD.jpg,pork/pork_belly/experimental/pork_blood/just_flash/1hr/PB2_BLOOD.jpg,center_crop,31.0804,107.283,166.3497,0.7922,-1.2793,2.6728,2.4158,FRESH
ok,,pork,pork_belly,experimental,,just_flash,sun_exposure,1hr,PB1_SUN1.jpg,pork/pork_belly/experimental/sun_exposure/just_flash/1hr/PB1_SUN1.jpg,center_crop,21.1065,67.7184,160.6493,-0.2,-4.0824,2.1981,4.3729,STALE
ok,,pork,pork_belly,experimental,,just_flash,sun_exposure,1hr,PB2_SUN1.jpg,pork/pork_belly/experimental/sun_exposure/just_flash/1hr/PB2_SUN1.jpg,center_crop,20.3179,72.7443,168.8649,-0.2784,-3.7264,2.8822,4.2564,STALE
ok,,pork,pork_belly,experimental,,just_flash,sun_exposure,3hr,PB1_SUN3.jpg,pork/pork_belly/experimental/sun_exposure/just_flash/3hr/PB1_SUN3.jpg,center_crop,33.8974,53.4314,152.48,1.0725,-5.0947,1.5178,5.3158,STALE
ok,,pork,pork_belly,experimental,,just_flash,sun_exposure,3hr,PB2_SUN3.jpg,pork/pork_belly/experimental/sun_exposure/just_flash/3hr/PB2_SUN3.jpg,center_crop,53.4204,81.1596,146.63,3.0147,-3.1302,1.0306,4.4065,STALE
ok,,pork,pork_belly,experimental,,just_flash,sun_exposure,4hr,PB1_SUN4.jpg,pork/pork_belly/experimental/sun_exposure/just_flash/4hr/PB1_SUN4.jpg,center_crop,79.9762,69.6847,160.8606,5.6565,-3.9431,2.2157,7.071,STALE
ok,,pork,pork_belly,experimental,,just_flash,sun_exposure,4hr,PB2_SUN4.jpg,pork/pork_belly/experimental/sun_exposure/just_flash/4hr/PB2_SUN4.jpg,center_crop,57.015,71.108,166.1397,3.3723,-3.8423,2.6553,5.4462,STALE
ok,,pork,pork_belly,fresh,fresh,cool_lighting,none,none,PB10_COOL.jpg,pork/pork_belly/fresh/cool_lighting/PB10_COOL.jpg,center_crop,25.3192,90.9361,177.3464,0.2191,-2.4375,3.5885,3.5254,SUSPICIOUS
ok,,pork,pork_belly,fresh,fresh,cool_lighting,none,none,PB1_COOL.jpg,pork/pork_belly/fresh/cool_lighting/PB1_COOL.jpg,center_crop,31.5723,85.6489,172.7954,0.8412,-2.8121,3.2096,3.7103,SUSPICIOUS
ok,,pork,pork_belly,fresh,fresh,cool_lighting,none,none,PB2_COOL.jpg,pork/pork_belly/fresh/cool_lighting/PB2_COOL.jpg,center_crop,28.8602,72.8504,161.6933,0.5714,-3.7189,2.285,4.0948,STALE
ok,,pork,pork_belly,fresh,fresh,cool_lighting,none,none,PB3_COOL.jpg,pork/pork_belly/fresh/cool_lighting/PB3_COOL.jpg,center_crop,25.2628,70.6923,164.5266,0.2135,-3.8718,2.521,4.2677,STALE
ok,,pork,pork_belly,fresh,fresh,cool_lighting,none,none,PB4_COOL.jpg,pork/pork_belly/fresh/cool_lighting/PB4_COOL.jpg,center_crop,25.9303,81.2186,158.4906,0.2799,-3.126,2.0183,3.4477,SUSPICIOUS
ok,,pork,pork_belly,fresh,fresh,cool_lighting,none,none,PB5_COOL.jpg,pork/pork_belly/fresh/cool_lighting/PB5_COOL.jpg,center_crop,48.647,72.5933,154.8553,2.5398,-3.7371,1.7156,4.6785,STALE
ok,,pork,pork_belly,fresh,fresh,cool_lighting,none,none,PB6_COOL.jpg,pork/pork_belly/fresh/cool_lighting/PB6_COOL.jpg,center_crop,22.0336,87.1309,171.0235,-0.1078,-2.7071,3.062,3.4681,SUSPICIOUS
ok,,pork,pork_belly,fresh,fresh,cool_lighting,none,none,PB7_COOL.jpg,pork/pork_belly/fresh/cool_lighting/PB7_COOL.jpg,center_crop,26.4335,80.5145,179.8068,0.33,-3.1759,3.7934,4.1701,STALE
ok,,pork,pork_belly,fresh,fresh,cool_lighting,none,none,PB8_COOL.jpg,pork/pork_belly/fresh/cool_lighting/PB8_COOL.jpg,center_crop,29.7389,87.8133,180.3395,0.6588,-2.6588,3.8378,3.8558,SUSPICIOUS
ok,,pork,pork_belly,fresh,fresh,cool_lighting,none,none,PB9_COOL.jpg,pork/pork_belly/fresh/cool_lighting/PB9_COOL.jpg,center_crop,29.1794,86.1727,166.1932,0.6031,-2.775,2.6598,3.4061,SUSPICIOUS
ok,,pork,pork_belly,fresh,fresh,just_flash,none,none,PB10_PHONE.png,pork/pork_belly/fresh/just_flash/PB10_PHONE.png,center_crop,29.1544,143.8302,126.4164,0.6006,1.31,-0.6527,1.5132,FRESH
ok,,pork,pork_belly,fresh,fresh,just_flash,none,none,PB1_PHONE.png,pork/pork_belly/fresh/just_flash/PB1_PHONE.png,center_crop,22.8303,108.0485,156.306,-0.0285,-1.2251,1.8364,1.7855,FRESH
ok,,pork,pork_belly,fresh,fresh,just_flash,none,none,PB2_PHONE.png,pork/pork_belly/fresh/just_flash/PB2_PHONE.png,center_crop,17.4295,125.6684,117.4131,-0.5658,0.0232,-1.4024,1.142,FRESH
ok,,pork,pork_belly,fresh,fresh,just_flash,none,none,PB3_PHONE.png,pork/pork_belly/fresh/just_flash/PB3_PHONE.png,center_crop,19.346,103.5684,139.1426,-0.3751,-1.5425,0.4071,1.6134,FRESH
ok,,pork,pork_belly,fresh,fresh,just_flash,none,none,PB4_PHONE.png,pork/pork_belly/fresh/just_flash/PB4_PHONE.png,center_crop,28.5057,123.2046,119.3143,0.5361,-0.1513,-1.2441,1.0413,FRESH
ok,,pork,pork_belly,fresh,fresh,just_flash,none,none,PB5_PHONE.png,pork/pork_belly/fresh/just_flash/PB5_PHONE.png,center_crop,11.1116,129.7953,145.3528,-1.1943,0.3156,0.9243,1.3975,FRESH
ok,,pork,pork_belly,fresh,fresh,just_flash,none,none,PB6_PHONE.png,pork/pork_belly/fresh/just_flash/PB6_PHONE.png,center_crop,23.7282,118.6361,138.3366,0.0608,-0.475,0.34,0.5358,FRESH
ok,,pork,pork_belly,fresh,fresh,just_flash,none,none,PB7_PHONE.png,pork/pork_belly/fresh/just_flash/PB7_PHONE.png,center_crop,45.7751,117.9226,133.2018,2.2541,-0.5256,-0.0876,2.3154,FRESH
ok,,pork,pork_belly,fresh,fresh,just_flash,none,none,PB8_PHONE.png,pork/pork_belly/fresh/just_flash/PB8_PHONE.png,center_crop,21.914,136.8941,139.7482,-0.1197,0.8186,0.4575,0.8883,FRESH
ok,,pork,pork_belly,fresh,fresh,just_flash,none,none,PB9_PHONE.png,pork/pork_belly/fresh/just_flash/PB9_PHONE.png,center_crop,11.3738,145.8371,127.3094,-1.1682,1.4522,-0.5783,1.9081,FRESH
ok,,pork,pork_belly,fresh,fresh,red_lighting,none,none,PB10_RED.jpg,pork/pork_belly/fresh/red_lighting/PB10_RED.jpg,center_crop,14.3856,121.9775,183.726,-0.8686,-0.2383,4.1198,3.0492,SUSPICIOUS
ok,,pork,pork_belly,fresh,fresh,red_lighting,none,none,PB1_RED.jpg,pork/pork_belly/fresh/red_lighting/PB1_RED.jpg,center_crop,10.0267,122.7419,183.9012,-1.3022,-0.1841,4.1344,3.2057,SUSPICIOUS
ok,,pork,pork_belly,fresh,fresh,red_lighting,none,none,PB2_RED.jpg,pork/pork_belly/fresh/red_lighting/PB2_RED.jpg,center_crop,9.9722,107.4652,172.6016,-1.3077,-1.2664,3.1934,2.9005,SUSPICIOUS
ok,,pork,pork_belly,fresh,fresh,red_lighting,none,none,PB3_RED.jpg,pork/pork_belly/fresh/red_lighting/PB3_RED.jpg,center_crop,8.1167,104.2275,190.55,-1.4923,-1.4958,4.6881,3.9311,SUSPICIOUS
ok,,pork,pork_belly,fresh,fresh,red_lighting,none,none,PB4_RED.jpg,pork/pork_belly/fresh/red_lighting/PB4_RED.jpg,center_crop,9.5324,116.4149,178.3904,-1.3514,-0.6324,3.6755,2.9968,SUSPICIOUS
ok,,pork,pork_belly,fresh,fresh,red_lighting,none,none,PB5_RED.jpg,pork/pork_belly/fresh/red_lighting/PB5_RED.jpg,center_crop,13.871,100.3501,186.0838,-0.9198,-1.7705,4.3162,3.6463,SUSPICIOUS
ok,,pork,pork_belly,fresh,fresh,red_lighting,none,none,PB6_RED.jpg,pork/pork_belly/fresh/red_lighting/PB6_RED.jpg,center_crop,9.56,106.4553,178.4002,-1.3487,-1.338,3.6763,3.2197,SUSPICIOUS
ok,,pork,pork_belly,fresh,fresh,red_lighting,none,none,PB7_RED.jpg,pork/pork_belly/fresh/red_lighting/PB7_RED.jpg,center_crop,10.2821,101.7362,177.9361,-1.2768,-1.6723,3.6376,3.3231,SUSPICIOUS
ok,,pork,pork_belly,fresh,fresh,red_lighting,none,none,PB8_RED.jpg,pork/pork_belly/fresh/red_lighting/PB8_RED.jpg,center_crop,7.6283,112.1913,183.0963,-1.5408,-0.9316,4.0674,3.3932,SUSPICIOUS
ok,,pork,pork_belly,fresh,fresh,red_lighting,none,none,PB9_RED.jpg,pork/pork_belly/fresh/red_lighting/PB9_RED.jpg,center_crop,9.4814,122.4068,167.8572,-1.3565,-0.2079,2.7983,2.408,FRESH
ok,,pork,pork_belly,fresh,fresh,warm_lighting,none,none,PB10_WARM.jpg,pork/pork_belly/fresh/warm_lighting/PB10_WARM.jpg,center_crop,15.5874,119.6632,183.3408,-0.749,-0.4022,4.0877,3.0129,SUSPICIOUS
ok,,pork,pork_belly,fresh,fresh,warm_lighting,none,none,PB1_WARM.jpg,pork/pork_belly/fresh/warm_lighting/PB1_WARM.jpg,center_crop,22.4855,100.8488,170.1088,-0.0628,-1.7352,2.9858,2.7336,SUSPICIOUS
ok,,pork,pork_belly,fresh,fresh,warm_lighting,none,none,PB2_WARM.jpg,pork/pork_belly/fresh/warm_lighting/PB2_WARM.jpg,center_crop,19.3991,93.5656,176.1914,-0.3698,-2.2512,3.4924,3.362,SUSPICIOUS
ok,,pork,pork_belly,fresh,fresh,warm_lighting,none,none,PB3_WARM.jpg,pork/pork_belly/fresh/warm_lighting/PB3_WARM.jpg,center_crop,15.3696,94.5801,172.8425,-0.7707,-2.1793,3.2135,3.2414,SUSPICIOUS
ok,,pork,pork_belly,fresh,fresh,warm_lighting,none,none,PB4_WARM.jpg,pork/pork_belly/fresh/warm_lighting/PB4_WARM.jpg,center_crop,23.1528,103.279,162.1205,0.0036,-1.563,2.3206,2.2662,FRESH
ok,,pork,pork_belly,fresh,fresh,warm_lighting,none,none,PB5_WARM.jpg,pork/pork_belly/fresh/warm_lighting/PB5_WARM.jpg,center_crop,22.836,103.7591,186.062,-0.0279,-1.529,4.3143,3.4125,SUSPICIOUS
ok,,pork,pork_belly,fresh,fresh,warm_lighting,none,none,PB6_WARM.jpg,pork/pork_belly/fresh/warm_lighting/PB6_WARM.jpg,center_crop,18.1119,118.0999,183.2052,-0.4979,-0.513,4.0764,2.9698,SUSPICIOUS
ok,,pork,pork_belly,fresh,fresh,warm_lighting,none,none,PB7_WARM.jpg,pork/pork_belly/fresh/warm_lighting/PB7_WARM.jpg,center_crop,21.4148,107.7638,182.025,-0.1693,-1.2453,3.9782,3.081,SUSPICIOUS
ok,,pork,pork_belly,fresh,fresh,warm_lighting,none,none,PB8_WARM.jpg,pork/pork_belly/fresh/warm_lighting/PB8_WARM.jpg,center_crop,13.5009,121.5295,190.6933,-0.9566,-0.27,4.7,3.4689,SUSPICIOUS
ok,,pork,pork_belly,fresh,fresh,warm_lighting,none,none,PB9_WARM.jpg,pork/pork_belly/fresh/warm_lighting/PB9_WARM.jpg,center_crop,17.2905,116.117,174.5883,-0.5796,-0.6535,3.3589,2.5306,SUSPICIOUS
ok,,pork,pork_chop,experimental,,just_flash,air_exposure,1hr,PC1_AIR1.jpg,pork/pork_chop/experimental/air_exposure/just_flash/1hr/PC1_AIR1.jpg,center_crop,21.2373,86.6185,162.0335,2.8329,-2.5667,1.0686,3.8966,SUSPICIOUS
ok,,pork,pork_chop,experimental,,just_flash,air_exposure,1hr,PC2_AIR1.jpg,pork/pork_chop/experimental/air_exposure/just_flash/1hr/PC2_AIR1.jpg,center_crop,20.8554,83.7396,160.3956,2.7565,-2.9265,0.9048,4.0709,STALE
ok,,pork,pork_chop,experimental,,just_flash,air_exposure,3hr,PC1_AIR3.jpg,pork/pork_chop/experimental/air_exposure/just_flash/3hr/PC1_AIR3.jpg,center_crop,36.3638,76.4548,155.2285,5.8582,-3.8371,0.3881,7.0084,STALE
ok,,pork,pork_chop,experimental,,just_flash,air_exposure,3hr,PC2_AIR3.jpg,pork/pork_chop/experimental/air_exposure/just_flash/3hr/PC2_AIR3.jpg,center_crop,27.7432,85.3145,145.9637,4.134,-2.7297,-0.5384,4.9685,STALE
ok,,pork,pork_chop,experimental,,just_flash,air_exposure,6hr,PC1_AIR6.jpg,pork/pork_chop/experimental/air_exposure/just_flash/6hr/PC1_AIR6.jpg,center_crop,27.1967,65.2413,168.5651,4.0247,-5.2388,1.7217,6.7176,STALE
ok,,pork,pork_chop,experimental,,just_flash,air_exposure,6hr,PC2_AIR6.jpg,pork/pork_chop/experimental/air_exposure/just_flash/6hr/PC2_AIR6.jpg,center_crop,34.6942,84.8543,153.5158,5.5242,-2.7872,0.2168,6.1894,STALE
ok,,pork,pork_chop,experimental,,just_flash,pork_blood,1hr,PC1_BLOOD.jpg,pork/pork_chop/experimental/pork_blood/just_flash/1hr/PC1_BLOOD.jpg,center_crop,27.6393,107.3647,170.6979,4.1133,0.0266,1.935,4.3349,STALE
ok,,pork,pork_chop,experimental,,just_flash,pork_blood,1hr,PC2_BLOOD.jpg,pork/pork_chop/experimental/pork_blood/just_flash/1hr/PC2_BLOOD.jpg,center_crop,27.4835,111.3568,173.3148,4.0821,0.5256,2.1967,4.3991,STALE
ok,,pork,pork_chop,experimental,,just_flash,sun_exposure,1hr,PC1_SUN1.jpg,pork/pork_chop/experimental/sun_exposure/just_flash/1hr/PC1_SUN1.jpg,center_crop,20.8432,63.2298,169.5354,2.754,-5.4903,1.8188,6.2755,STALE
ok,,pork,pork_chop,experimental,,just_flash,sun_exposure,1hr,PC2_SUN1.jpg,pork/pork_chop/experimental/sun_exposure/just_flash/1hr/PC2_SUN1.jpg,center_crop,15.0331,60.3159,166.042,1.592,-5.8545,1.4694,6.1554,STALE
ok,,pork,pork_chop,experimental,,just_flash,sun_exposure,3hr,PC1_SUN3.jpg,pork/pork_chop/experimental/sun_exposure/just_flash/3hr/PC1_SUN3.jpg,center_crop,23.132,76.384,150.5791,3.2118,-3.846,-0.0769,5.011,STALE
ok,,pork,pork_chop,experimental,,just_flash,sun_exposure,3hr,PC2_SUN3.jpg,pork/pork_chop/experimental/sun_exposure/just_flash/3hr/PC2_SUN3.jpg,center_crop,35.0169,71.282,150.3443,5.5888,-4.4837,-0.1003,7.1654,STALE
ok,,pork,pork_chop,experimental,,just_flash,sun_exposure,4hr,PC1_SUN4.jpg,pork/pork_chop/experimental/sun_exposure/just_flash/4hr/PC1_SUN4.jpg,center_crop,56.3923,68.0316,146.1222,9.8639,-4.89,-0.5225,11.0157,STALE
ok,,pork,pork_chop,experimental,,just_flash,sun_exposure,4hr,PC2_SUN4.jpg,pork/pork_chop/experimental/sun_exposure/just_flash/4hr/PC2_SUN4.jpg,center_crop,43.6801,70.1278,160.3997,7.3214,-4.628,0.9052,8.6851,STALE
ok,,pork,pork_chop,fresh,fresh,cool_lighting,none,none,PC10_COOL.jpg,pork/pork_chop/fresh/cool_lighting/PC10_COOL.jpg,center_crop,32.3247,65.4366,173.9736,5.0503,-5.2144,2.2626,7.4334,STALE
ok,,pork,pork_chop,fresh,fresh,cool_lighting,none,none,PC1_COOL.jpg,pork/pork_chop/fresh/cool_lighting/PC1_COOL.jpg,center_crop,32.8487,49.6407,183.1812,5.1551,-7.1889,3.1833,9.1281,STALE
ok,,pork,pork_chop,fresh,fresh,cool_lighting,none,none,PC2_COOL.jpg,pork/pork_chop/fresh/cool_lighting/PC2_COOL.jpg,center_crop,18.133,64.2392,174.9787,2.212,-5.3641,2.3631,6.0381,STALE
ok,,pork,pork_chop,fresh,fresh,cool_lighting,none,none,PC3_COOL.jpg,pork/pork_chop/fresh/cool_lighting/PC3_COOL.jpg,center_crop,23.4319,56.8658,172.3552,3.2718,-6.2858,2.1007,7.2403,STALE
ok,,pork,pork_chop,fresh,fresh,cool_lighting,none,none,PC4_COOL.jpg,pork/pork_chop/fresh/cool_lighting/PC4_COOL.jpg,center_crop,26.6774,56.2116,181.4265,3.9209,-6.3675,3.0079,7.7745,STALE
ok,,pork,pork_chop,fresh,fresh,cool_lighting,none,none,PC5_COOL.jpg,pork/pork_chop/fresh/cool_lighting/PC5_COOL.jpg,center_crop,24.1764,59.7861,174.5109,3.4207,-5.9207,2.3163,7.0313,STALE
ok,,pork,pork_chop,fresh,fresh,cool_lighting,none,none,PC6_COOL.jpg,pork/pork_chop/fresh/cool_lighting/PC6_COOL.jpg,center_crop,22.6457,64.8957,179.3823,3.1145,-5.282,2.8035,6.4444,STALE
ok,,pork,pork_chop,fresh,fresh,cool_lighting,none,none,PC7_COOL.jpg,pork/pork_chop/fresh/cool_lighting/PC7_COOL.jpg,center_crop,22.5049,65.2868,173.0693,3.0864,-5.2331,2.1722,6.2666,STALE
ok,,pork,pork_chop,fresh,fresh,cool_lighting,none,none,PC8_COOL.jpg,pork/pork_chop/fresh/cool_lighting/PC8_COOL.jpg,center_crop,25.4361,63.2506,162.9315,3.6726,-5.4877,1.1584,6.6538,STALE
ok,,pork,pork_chop,fresh,fresh,cool_lighting,none,none,PC9_COOL.jpg,pork/pork_chop/fresh/cool_lighting/PC9_COOL.jpg,center_crop,23.7311,63.2241,177.4206,3.3316,-5.491,2.6073,6.682,STALE
ok,,pork,pork_chop,fresh,fresh,just_flash,none,none,PC10_PHONE.png,pork/pork_chop/fresh/just_flash/PC10_PHONE.png,center_crop,7.4818,110.9988,144.8606,0.0818,0.4809,-0.6487,0.6696,FRESH
ok,,pork,pork_chop,fresh,fresh,just_flash,none,none,PC1_PHONE.png,pork/pork_chop/fresh/just_flash/PC1_PHONE.png,center_crop,7.4191,99.2322,164.7955,0.0692,-0.99,1.3448,1.3744,FRESH
ok,,pork,pork_chop,fresh,fresh,just_flash,none,none,PC2_PHONE.png,pork/pork_chop/fresh/just_flash/PC2_PHONE.png,center_crop,6.3495,117.2293,152.8039,-0.1447,1.2597,0.1456,1.2721,FRESH
ok,,pork,pork_chop,fresh,fresh,just_flash,none,none,PC3_PHONE.png,pork/pork_chop/fresh/just_flash/PC3_PHONE.png,center_crop,7.6293,95.1607,155.026,0.1113,-1.4989,0.3678,1.5254,FRESH
ok,,pork,pork_chop,fresh,fresh,just_flash,none,none,PC4_PHONE.png,pork/pork_chop/fresh/just_flash/PC4_PHONE.png,center_crop,7.5849,99.9582,152.9101,0.1024,-0.8992,0.1562,0.9117,FRESH
ok,,pork,pork_chop,fresh,fresh,just_flash,none,none,PC5_PHONE.png,pork/pork_chop/fresh/just_flash/PC5_PHONE.png,center_crop,7.0627,104.8656,158.0557,-0.0021,-0.2858,0.6708,0.5538,FRESH
ok,,pork,pork_chop,fresh,fresh,just_flash,none,none,PC6_PHONE.png,pork/pork_chop/fresh/just_flash/PC6_PHONE.png,center_crop,8.5554,112.7032,153.5093,0.2965,0.6939,0.2162,0.7699,FRESH
ok,,pork,pork_chop,fresh,fresh,just_flash,none,none,PC7_PHONE.png,pork/pork_chop/fresh/just_flash/PC7_PHONE.png,center_crop,5.8024,114.301,150.1776,-0.2541,0.8936,-0.117,0.9327,FRESH
ok,,pork,pork_chop,fresh,fresh,just_flash,none,none,PC8_PHONE.png,pork/pork_chop/fresh/just_flash/PC8_PHONE.png,center_crop,5.6558,105.7173,137.2165,-0.2834,-0.1793,-1.4131,1.054,FRESH
ok,,pork,pork_chop,fresh,fresh,just_flash,none,none,PC9_PHONE.png,pork/pork_chop/fresh/just_flash/PC9_PHONE.png,center_crop,7.1895,111.3525,144.1219,0.0233,0.5251,-0.7226,0.733,FRESH
ok,,pork,pork_chop,fresh,fresh,red_lighting,none,none,PC10_RED.jpg,pork/pork_chop/fresh/red_lighting/PC10_RED.jpg,center_crop,11.1744,105.8827,191.551,0.8203,-0.1587,4.0203,2.963,SUSPICIOUS
ok,,pork,pork_chop,fresh,fresh,red_lighting,none,none,PC1_RED.jpg,pork/pork_chop/fresh/red_lighting/PC1_RED.jpg,center_crop,16.348,87.0625,191.5762,1.855,-2.5112,4.0229,4.2236,STALE
ok,,pork,pork_chop,fresh,fresh,red_lighting,none,none,PC2_RED.jpg,pork/pork_chop/fresh/red_lighting/PC2_RED.jpg,center_crop,11.7623,83.3547,182.7733,0.9379,-2.9746,3.1426,3.8296,SUSPICIOUS
ok,,pork,pork_chop,fresh,fresh,red_lighting,none,none,PC3_RED.jpg,pork/pork_chop/fresh/red_lighting/PC3_RED.jpg,center_crop,9.9574,97.2127,198.3769,0.5769,-1.2424,4.7029,3.5965,SUSPICIOUS
ok,,pork,pork_chop,fresh,fresh,red_lighting,none,none,PC4_RED.jpg,pork/pork_chop/fresh/red_lighting/PC4_RED.jpg,center_crop,11.9934,93.7387,200.6436,0.9841,-1.6766,4.9296,3.9912,SUSPICIOUS
ok,,pork,pork_chop,fresh,fresh,red_lighting,none,none,PC5_RED.jpg,pork/pork_chop/fresh/red_lighting/PC5_RED.jpg,center_crop,11.388,109.6809,195.8157,0.863,0.3161,4.4468,3.2759,SUSPICIOUS
ok,,pork,pork_chop,fresh,fresh,red_lighting,none,none,PC6_RED.jpg,pork/pork_chop/fresh/red_lighting/PC6_RED.jpg,center_crop,12.6836,107.2791,200.4433,1.1221,0.0159,4.9096,3.6485,SUSPICIOUS
ok,,pork,pork_chop,fresh,fresh,red_lighting,none,none,PC7_RED.jpg,pork/pork_chop/fresh/red_lighting/PC7_RED.jpg,center_crop,10.3933,107.4317,191.0974,0.6641,0.035,3.975,2.8883,SUSPICIOUS
ok,,pork,pork_chop,fresh,fresh,red_lighting,none,none,PC8_RED.jpg,pork/pork_chop/fresh/red_lighting/PC8_RED.jpg,center_crop,10.0575,113.9844,192.2255,0.5969,0.8541,4.0878,3.0726,SUSPICIOUS
ok,,pork,pork_chop,fresh,fresh,red_lighting,none,none,PC9_RED.jpg,pork/pork_chop/fresh/red_lighting/PC9_RED.jpg,center_crop,8.7592,106.9268,196.4056,0.3372,-0.0281,4.5058,3.204,SUSPICIOUS
ok,,pork,pork_chop,fresh,fresh,warm_lighting,none,none,PC10_WARM.jpg,pork/pork_chop/fresh/warm_lighting/PC10_WARM.jpg,center_crop,17.6351,96.0845,179.9594,2.1124,-1.3834,2.8612,3.2356,SUSPICIOUS
ok,,pork,pork_chop,fresh,fresh,warm_lighting,none,none,PC1_WARM.jpg,pork/pork_chop/fresh/warm_lighting/PC1_WARM.jpg,center_crop,20.0797,91.0561,185.9939,2.6013,-2.012,3.4646,4.1008,STALE
ok,,pork,pork_chop,fresh,fresh,warm_lighting,none,none,PC2_WARM.jpg,pork/pork_chop/fresh/warm_lighting/PC2_WARM.jpg,center_crop,17.5237,102.2025,177.5234,2.0901,-0.6187,2.6176,2.8596,SUSPICIOUS
ok,,pork,pork_chop,fresh,fresh,warm_lighting,none,none,PC3_WARM.jpg,pork/pork_chop/fresh/warm_lighting/PC3_WARM.jpg,center_crop,15.9675,100.3295,189.159,1.7789,-0.8528,3.7811,3.3227,SUSPICIOUS
ok,,pork,pork_chop,fresh,fresh,warm_lighting,none,none,PC4_WARM.jpg,pork/pork_chop/fresh/warm_lighting/PC4_WARM.jpg,center_crop,16.2678,100.8097,186.1094,1.839,-0.7928,3.4762,3.1705,SUSPICIOUS
ok,,pork,pork_chop,fresh,fresh,warm_lighting,none,none,PC5_WARM.jpg,pork/pork_chop/fresh/warm_lighting/PC5_WARM.jpg,center_crop,14.7343,106.2651,187.0205,1.5323,-0.1109,3.5673,2.9534,SUSPICIOUS
ok,,pork,pork_chop,fresh,fresh,warm_lighting,none,none,PC6_WARM.jpg,pork/pork_chop/fresh/warm_lighting/PC6_WARM.jpg,center_crop,16.6225,114.4616,184.676,1.9099,0.9137,3.3328,3.168,SUSPICIOUS
ok,,pork,pork_chop,fresh,fresh,warm_lighting,none,none,PC7_WARM.jpg,pork/pork_chop/fresh/warm_lighting/PC7_WARM.jpg,center_crop,14.9306,112.9421,184.3812,1.5715,0.7238,3.3033,2.9068,SUSPICIOUS
ok,,pork,pork_chop,fresh,fresh,warm_lighting,none,none,PC8_WARM.jpg,pork/pork_chop/fresh/warm_lighting/PC8_WARM.jpg,center_crop,14.9941,113.0435,183.9733,1.5842,0.7364,3.2626,2.8938,SUSPICIOUS
ok,,pork,pork_chop,fresh,fresh,warm_lighting,none,none,PC9_WARM.jpg,pork/pork_chop/fresh/warm_lighting/PC9_WARM.jpg,center_crop,15.5453,108.4848,187.0603,1.6945,0.1666,3.5713,3.0456,SUSPICIOUS
